Customer_ID,Customer_Name,City,Category,Product,Price,Quantity,Order_Date,Payment_Mode,Total_Sales
1001,Priya,Mumbai,Furniture,Table,3725,4,2026-01-01,UPI,14900
1002,Amit,Nanded,Clothing,Jacket,3615,3,2026-01-02,Cash,10845
1003,Vishal,Mumbai,Furniture,Table,6087,3,2026-01-03,Credit Card,18261
1004,Vishal,Nanded,Grocery,Tea,281,4,2026-01-04,Credit Card,1124
1005,Amit,Delhi,Clothing,Jacket,1773,2,2026-01-05,UPI,3546
1006,Sneha,Delhi,Clothing,T-Shirt,1199,4,2026-01-06,Debit Card,4796
1007,Rahul,Delhi,Grocery,Oil,143,3,2026-01-07,Credit Card,429
1008,Priya,Nanded,Furniture,Sofa,25843,3,2026-01-08,Credit Card,77529
1009,Sneha,Nanded,Grocery,Tea,174,5,2026-01-09,Credit Card,870
1010,Priya,Pune,Clothing,Jeans,2405,4,2026-01-10,UPI,9620
1011,Rahul,Nanded,Clothing,T-Shirt,1325,4,2026-01-11,Debit Card,5300
1012,Amit,Pune,Grocery,Rice,118,4,2026-01-12,Credit Card,472
1013,Amit,Mumbai,Grocery,Coffee,302,5,2026-01-13,Cash,1510
1014,Vishal,Delhi,Electronics,Tablet,23196,3,2026-01-14,Cash,69588
1015,Vishal,Mumbai,Clothing,T-Shirt,1074,5,2026-01-15,Cash,5370
1016,Priya,Mumbai,Electronics,Tablet,26835,5,2026-01-16,UPI,134175
1017,Rahul,Delhi,Clothing,Shoes,3697,5,2026-01-17,Debit Card,18485
1018,Vishal,Nanded,Furniture,Table,5424,1,2026-01-18,Credit Card,5424
1019,Amit,Delhi,Grocery,Coffee,287,5,2026-01-19,Credit Card,1435
1020,Rahul,Delhi,Furniture,Table,6775,1,2026-01-20,Cash,6775
1021,Rahul,Nanded,Grocery,Oil,191,1,2026-01-21,Credit Card,191
1022,Sneha,Mumbai,Clothing,Jeans,930,1,2026-01-22,Debit Card,930
1023,Vishal,Mumbai,Electronics,Headphones,9240,2,2026-01-23,Credit Card,18480
1024,Sneha,Mumbai,Electronics,Tablet,31627,1,2026-01-24,Debit Card,31627
1025,Vishal,Nanded,Electronics,Laptop,43788,5,2026-01-25,Cash,218940
1026,Vishal,Delhi,Electronics,Laptop,77578,3,2026-01-26,UPI,232734
1027,Vishal,Pune,Furniture,Bed,16297,2,2026-01-27,UPI,32594
1028,Sneha,Mumbai,Grocery,Tea,392,3,2026-01-28,Credit Card,1176
1029,Vishal,Mumbai,Furniture,Chair,3724,1,2026-01-29,UPI,3724
1030,Amit,Pune,Electronics,Headphones,5684,2,2026-01-30,UPI,11368
1031,Priya,Pune,Electronics,Laptop,52296,1,2026-01-31,Debit Card,52296
1032,Priya,Delhi,Grocery,Tea,320,2,2026-02-01,UPI,640
1033,Sneha,Nanded,Grocery,Tea,253,3,2026-02-02,Debit Card,759
1034,Priya,Pune,Furniture,Table,3487,1,2026-02-03,UPI,3487
1035,Vishal,Delhi,Electronics,Tablet,32319,5,2026-02-04,UPI,161595
1036,Vishal,Mumbai,Furniture,Bed,28758,5,2026-02-05,Debit Card,143790
1037,Sneha,Mumbai,Grocery,Coffee,320,5,2026-02-06,Debit Card,1600
1038,Rahul,Mumbai,Furniture,Sofa,47135,5,2026-02-07,Credit Card,235675
1039,Rahul,Pune,Furniture,Sofa,28027,1,2026-02-08,UPI,28027
1040,Sneha,Delhi,Grocery,Oil,143,5,2026-02-09,Credit Card,715
1041,Amit,Delhi,Electronics,Mobile,24925,3,2026-02-10,UPI,74775
1042,Rahul,Nanded,Electronics,Headphones,9615,2,2026-02-11,UPI,19230
1043,Rahul,Pune,Grocery,Coffee,224,1,2026-02-12,UPI,224
1044,Vishal,Mumbai,Furniture,Table,8837,4,2026-02-13,Cash,35348
1045,Amit,Delhi,Electronics,Mobile,48716,3,2026-02-14,Debit Card,146148
1046,Rahul,Pune,Grocery,Oil,178,1,2026-02-15,Cash,178
1047,Sneha,Pune,Electronics,Laptop,41837,4,2026-02-16,Cash,167348
1048,Priya,Pune,Clothing,Jeans,1385,5,2026-02-17,UPI,6925
1049,Priya,Delhi,Furniture,Table,8190,5,2026-02-18,UPI,40950
1050,Sneha,Delhi,Clothing,Jacket,3854,2,2026-02-19,Debit Card,7708
1051,Amit,Nanded,Electronics,Tablet,39178,1,2026-02-20,Debit Card,39178
1052,Vishal,Mumbai,Clothing,Jeans,2750,2,2026-02-21,Credit Card,5500
1053,Rahul,Nanded,Grocery,Oil,248,2,2026-02-22,Cash,496
1054,Rahul,Mumbai,Electronics,Mobile,13799,3,2026-02-23,UPI,41397
1055,Rahul,Mumbai,Furniture,Chair,2100,3,2026-02-24,UPI,6300
1056,Priya,Delhi,Grocery,Rice,109,4,2026-02-25,Cash,436
1057,Priya,Nanded,Electronics,Laptop,38690,2,2026-02-26,Debit Card,77380
1058,Vishal,Pune,Electronics,Mobile,38495,3,2026-02-27,Debit Card,115485
1059,Vishal,Nanded,Electronics,Laptop,68130,3,2026-02-28,UPI,204390
1060,Amit,Pune,Furniture,Table,9597,2,2026-03-01,UPI,19194
1061,Amit,Pune,Clothing,T-Shirt,327,4,2026-03-02,Debit Card,1308
1062,Priya,Mumbai,Clothing,Jeans,2043,3,2026-03-03,Cash,6129
1063,Sneha,Mumbai,Furniture,Table,6704,2,2026-03-04,Credit Card,13408
1064,Amit,Nanded,Grocery,Oil,199,3,2026-03-05,Credit Card,597
1065,Sneha,Delhi,Furniture,Table,4526,5,2026-03-06,Cash,22630
1066,Rahul,Mumbai,Furniture,Bed,22491,3,2026-03-07,Credit Card,67473
1067,Priya,Mumbai,Furniture,Chair,3568,3,2026-03-08,Debit Card,10704
1068,Sneha,Delhi,Electronics,Mobile,21931,1,2026-03-09,UPI,21931
1069,Priya,Nanded,Clothing,Shoes,1672,1,2026-03-10,UPI,1672
1070,Rahul,Delhi,Clothing,Shoes,1726,1,2026-03-11,UPI,1726
1071,Amit,Mumbai,Electronics,Headphones,5166,2,2026-03-12,UPI,10332
1072,Rahul,Nanded,Clothing,Jeans,2382,3,2026-03-13,UPI,7146
1073,Sneha,Delhi,Furniture,Chair,3158,3,2026-03-14,Debit Card,9474
1074,Priya,Nanded,Clothing,Shoes,2968,1,2026-03-15,Cash,2968
1075,Sneha,Pune,Furniture,Bed,12048,2,2026-03-16,Cash,24096
1076,Rahul,Nanded,Clothing,T-Shirt,1478,5,2026-03-17,UPI,7390
1077,Amit,Pune,Clothing,T-Shirt,1483,5,2026-03-18,Cash,7415
1078,Sneha,Delhi,Clothing,T-Shirt,364,1,2026-03-19,Credit Card,364
1079,Rahul,Pune,Clothing,Jacket,3434,2,2026-03-20,Credit Card,6868
1080,Vishal,Nanded,Electronics,Headphones,9276,4,2026-03-21,UPI,37104
1081,Amit,Delhi,Furniture,Bed,35319,4,2026-03-22,Cash,141276
1082,Sneha,Mumbai,Clothing,Shoes,2126,1,2026-03-23,Cash,2126
1083,Rahul,Delhi,Electronics,Tablet,28372,2,2026-03-24,Cash,56744
1084,Rahul,Pune,Furniture,Table,9601,3,2026-03-25,UPI,28803
1085,Vishal,Mumbai,Clothing,Jeans,1321,1,2026-03-26,Debit Card,1321
1086,Priya,Mumbai,Clothing,Shoes,3171,1,2026-03-27,Cash,3171
1087,Priya,Delhi,Electronics,Mobile,33996,2,2026-03-28,Credit Card,67992
1088,Amit,Nanded,Grocery,Tea,110,4,2026-03-29,Debit Card,440
1089,Vishal,Mumbai,Grocery,Coffee,443,3,2026-03-30,Debit Card,1329
1090,Vishal,Mumbai,Electronics,Tablet,22352,2,2026-03-31,Credit Card,44704
1091,Amit,Mumbai,Furniture,Bed,11520,3,2026-04-01,Credit Card,34560
1092,Sneha,Pune,Clothing,Jacket,2841,1,2026-04-02,Debit Card,2841
1093,Vishal,Mumbai,Furniture,Table,6683,2,2026-04-03,Cash,13366
1094,Sneha,Nanded,Grocery,Rice,62,3,2026-04-04,Debit Card,186
1095,Sneha,Delhi,Electronics,Tablet,24411,2,2026-04-05,Credit Card,48822
1096,Amit,Delhi,Grocery,Oil,154,5,2026-04-06,UPI,770
1097,Vishal,Pune,Clothing,T-Shirt,1384,5,2026-04-07,Debit Card,6920
1098,Rahul,Nanded,Furniture,Bed,33635,3,2026-04-08,Debit Card,100905
1099,Sneha,Delhi,Furniture,Bed,33291,3,2026-04-09,Credit Card,99873
1100,Sneha,Delhi,Electronics,Laptop,76271,1,2026-04-10,UPI,76271
1101,Rahul,Pune,Clothing,Shoes,1278,4,2026-04-11,UPI,5112
1102,Priya,Mumbai,Grocery,Coffee,401,1,2026-04-12,Credit Card,401
1103,Vishal,Delhi,Grocery,Rice,171,1,2026-04-13,Debit Card,171
1104,Sneha,Mumbai,Clothing,Jacket,4048,2,2026-04-14,Debit Card,8096
1105,Sneha,Nanded,Furniture,Table,9632,2,2026-04-15,Cash,19264
1106,Priya,Delhi,Electronics,Tablet,27605,1,2026-04-16,Cash,27605
1107,Vishal,Pune,Furniture,Table,7847,2,2026-04-17,UPI,15694
1108,Priya,Mumbai,Grocery,Rice,98,4,2026-04-18,Cash,392
1109,Priya,Pune,Furniture,Chair,4326,2,2026-04-19,Credit Card,8652
1110,Sneha,Nanded,Electronics,Tablet,20268,5,2026-04-20,Cash,101340
1111,Sneha,Nanded,Grocery,Rice,119,5,2026-04-21,Debit Card,595
1112,Priya,Nanded,Grocery,Oil,231,5,2026-04-22,UPI,1155
1113,Sneha,Nanded,Furniture,Chair,1997,5,2026-04-23,Cash,9985
1114,Vishal,Nanded,Electronics,Headphones,9265,4,2026-04-24,Cash,37060
1115,Priya,Nanded,Electronics,Headphones,6105,2,2026-04-25,Debit Card,12210
1116,Priya,Delhi,Grocery,Rice,182,3,2026-04-26,Cash,546
1117,Amit,Nanded,Electronics,Tablet,17359,2,2026-04-27,UPI,34718
1118,Rahul,Nanded,Electronics,Headphones,7873,2,2026-04-28,Cash,15746
1119,Sneha,Delhi,Clothing,Shoes,2366,4,2026-04-29,Cash,9464
1120,Vishal,Pune,Grocery,Rice,65,3,2026-04-30,Credit Card,195
1121,Rahul,Mumbai,Electronics,Laptop,78204,2,2026-05-01,Credit Card,156408
1122,Amit,Delhi,Furniture,Sofa,19113,2,2026-05-02,UPI,38226
1123,Amit,Nanded,Furniture,Chair,3734,2,2026-05-03,Cash,7468
1124,Priya,Pune,Electronics,Tablet,24065,1,2026-05-04,UPI,24065
1125,Priya,Mumbai,Clothing,T-Shirt,938,5,2026-05-05,UPI,4690
1126,Priya,Pune,Electronics,Tablet,34009,2,2026-05-06,Credit Card,68018
1127,Sneha,Delhi,Electronics,Tablet,33897,3,2026-05-07,Cash,101691
1128,Amit,Delhi,Clothing,Shoes,1919,3,2026-05-08,Cash,5757
1129,Rahul,Pune,Grocery,Rice,155,2,2026-05-09,Cash,310
1130,Sneha,Nanded,Furniture,Sofa,38990,5,2026-05-10,UPI,194950
1131,Amit,Nanded,Clothing,Shoes,4493,1,2026-05-11,Credit Card,4493
1132,Amit,Pune,Electronics,Laptop,65120,3,2026-05-12,UPI,195360
1133,Priya,Nanded,Furniture,Bed,35269,1,2026-05-13,Debit Card,35269
1134,Amit,Delhi,Clothing,T-Shirt,1278,4,2026-05-14,Credit Card,5112
1135,Sneha,Mumbai,Furniture,Chair,2648,4,2026-05-15,Cash,10592
1136,Priya,Delhi,Electronics,Tablet,24789,3,2026-05-16,UPI,74367
1137,Sneha,Delhi,Grocery,Rice,147,1,2026-05-17,Cash,147
1138,Sneha,Delhi,Grocery,Tea,208,5,2026-05-18,UPI,1040
1139,Amit,Nanded,Furniture,Table,8944,4,2026-05-19,UPI,35776
1140,Vishal,Delhi,Electronics,Laptop,40957,3,2026-05-20,Debit Card,122871
1141,Amit,Nanded,Clothing,Jacket,4268,2,2026-05-21,UPI,8536
1142,Amit,Nanded,Furniture,Chair,1099,1,2026-05-22,Cash,1099
1143,Vishal,Mumbai,Clothing,T-Shirt,885,1,2026-05-23,Debit Card,885
1144,Rahul,Delhi,Furniture,Sofa,42180,5,2026-05-24,Credit Card,210900
1145,Sneha,Pune,Clothing,Jeans,1204,2,2026-05-25,UPI,2408
1146,Priya,Mumbai,Clothing,Shoes,1547,3,2026-05-26,Cash,4641
1147,Vishal,Delhi,Clothing,Jacket,3262,1,2026-05-27,Debit Card,3262
1148,Sneha,Pune,Grocery,Coffee,257,2,2026-05-28,Credit Card,514
1149,Vishal,Nanded,Electronics,Mobile,40776,2,2026-05-29,Credit Card,81552
1150,Rahul,Pune,Electronics,Headphones,3746,1,2026-05-30,Cash,3746
1151,Vishal,Delhi,Clothing,T-Shirt,1483,3,2026-05-31,UPI,4449
1152,Rahul,Nanded,Clothing,Jeans,2428,2,2026-06-01,Credit Card,4856
1153,Priya,Mumbai,Electronics,Tablet,28384,3,2026-06-02,UPI,85152
1154,Priya,Pune,Electronics,Tablet,22674,1,2026-06-03,Cash,22674
1155,Rahul,Pune,Electronics,Tablet,15294,2,2026-06-04,Cash,30588
1156,Amit,Pune,Clothing,Jeans,1250,1,2026-06-05,Credit Card,1250
1157,Sneha,Delhi,Grocery,Coffee,561,5,2026-06-06,UPI,2805
1158,Vishal,Nanded,Clothing,Jacket,2693,4,2026-06-07,Debit Card,10772
1159,Priya,Pune,Clothing,Jacket,3047,2,2026-06-08,Cash,6094
1160,Amit,Mumbai,Furniture,Sofa,37712,5,2026-06-09,UPI,188560
1161,Sneha,Nanded,Clothing,Jacket,3618,5,2026-06-10,Cash,18090
1162,Sneha,Nanded,Electronics,Tablet,30460,4,2026-06-11,UPI,121840
1163,Priya,Nanded,Electronics,Headphones,2309,4,2026-06-12,UPI,9236
1164,Sneha,Pune,Clothing,Jeans,2461,3,2026-06-13,Debit Card,7383
1165,Priya,Pune,Furniture,Sofa,25767,4,2026-06-14,UPI,103068
1166,Vishal,Pune,Electronics,Laptop,47605,2,2026-06-15,Credit Card,95210
1167,Rahul,Delhi,Furniture,Chair,3441,3,2026-06-16,Debit Card,10323
1168,Vishal,Mumbai,Grocery,Coffee,206,1,2026-06-17,UPI,206
1169,Sneha,Delhi,Grocery,Rice,152,3,2026-06-18,Debit Card,456
1170,Amit,Mumbai,Electronics,Laptop,34690,1,2026-06-19,UPI,34690
1171,Rahul,Pune,Furniture,Table,8595,2,2026-06-20,Debit Card,17190
1172,Sneha,Nanded,Clothing,T-Shirt,902,3,2026-06-21,UPI,2706
1173,Vishal,Mumbai,Grocery,Coffee,187,3,2026-06-22,UPI,561
1174,Rahul,Pune,Grocery,Rice,74,5,2026-06-23,Debit Card,370
1175,Vishal,Mumbai,Electronics,Tablet,22111,4,2026-06-24,Debit Card,88444
1176,Sneha,Nanded,Furniture,Bed,27025,3,2026-06-25,UPI,81075
1177,Rahul,Delhi,Clothing,Jeans,2423,1,2026-06-26,Debit Card,2423
1178,Vishal,Pune,Electronics,Headphones,5222,5,2026-06-27,Debit Card,26110
1179,Sneha,Pune,Grocery,Rice,90,5,2026-06-28,Debit Card,450
1180,Rahul,Nanded,Electronics,Headphones,7037,4,2026-06-29,Credit Card,28148
1181,Priya,Delhi,Clothing,Jacket,3055,4,2026-06-30,Credit Card,12220
1182,Vishal,Mumbai,Clothing,Jeans,2780,2,2026-07-01,Debit Card,5560
1183,Vishal,Delhi,Clothing,Jacket,1507,3,2026-07-02,Debit Card,4521
1184,Vishal,Delhi,Furniture,Chair,1851,4,2026-07-03,Cash,7404
1185,Sneha,Pune,Clothing,Shoes,1870,3,2026-07-04,Debit Card,5610
1186,Sneha,Delhi,Clothing,Jacket,4265,4,2026-07-05,Credit Card,17060
1187,Priya,Nanded,Grocery,Coffee,452,2,2026-07-06,Debit Card,904
1188,Sneha,Pune,Clothing,Jacket,4825,5,2026-07-07,Debit Card,24125
1189,Rahul,Mumbai,Grocery,Tea,294,2,2026-07-08,UPI,588
1190,Rahul,Mumbai,Grocery,Oil,279,5,2026-07-09,UPI,1395
1191,Priya,Delhi,Grocery,Coffee,495,4,2026-07-10,Credit Card,1980
1192,Amit,Pune,Furniture,Sofa,19790,3,2026-07-11,Credit Card,59370
1193,Amit,Nanded,Grocery,Rice,109,4,2026-07-12,Credit Card,436
1194,Amit,Pune,Clothing,Shoes,3297,5,2026-07-13,Debit Card,16485
1195,Rahul,Pune,Grocery,Oil,137,4,2026-07-14,Cash,548
1196,Sneha,Nanded,Grocery,Oil,235,3,2026-07-15,Credit Card,705
1197,Sneha,Mumbai,Clothing,T-Shirt,1119,5,2026-07-16,Debit Card,5595
1198,Vishal,Mumbai,Electronics,Tablet,17881,4,2026-07-17,UPI,71524
1199,Priya,Delhi,Furniture,Bed,31105,5,2026-07-18,UPI,155525
1200,Sneha,Nanded,Electronics,Headphones,9059,4,2026-07-19,Cash,36236
1201,Priya,Nanded,Furniture,Chair,2900,5,2026-07-20,UPI,14500
1202,Vishal,Delhi,Electronics,Laptop,44850,5,2026-07-21,Debit Card,224250
1203,Rahul,Delhi,Electronics,Tablet,22588,1,2026-07-22,Cash,22588
1204,Vishal,Delhi,Grocery,Tea,383,1,2026-07-23,Credit Card,383
1205,Rahul,Delhi,Grocery,Tea,104,2,2026-07-24,Cash,208
1206,Vishal,Pune,Grocery,Coffee,557,5,2026-07-25,Credit Card,2785
1207,Priya,Pune,Electronics,Headphones,7494,2,2026-07-26,UPI,14988
1208,Rahul,Mumbai,Clothing,T-Shirt,1320,5,2026-07-27,UPI,6600
1209,Sneha,Mumbai,Electronics,Mobile,33951,4,2026-07-28,UPI,135804
1210,Vishal,Pune,Clothing,T-Shirt,389,5,2026-07-29,Credit Card,1945
1211,Sneha,Pune,Grocery,Coffee,516,1,2026-07-30,UPI,516
1212,Rahul,Delhi,Grocery,Oil,284,2,2026-07-31,Debit Card,568
1213,Sneha,Pune,Grocery,Oil,299,1,2026-08-01,UPI,299
1214,Priya,Mumbai,Clothing,Jacket,3425,2,2026-08-02,UPI,6850
1215,Amit,Delhi,Furniture,Sofa,39727,5,2026-08-03,Debit Card,198635
1216,Amit,Mumbai,Electronics,Laptop,50835,3,2026-08-04,Debit Card,152505
1217,Sneha,Delhi,Electronics,Mobile,21108,3,2026-08-05,Debit Card,63324
1218,Sneha,Mumbai,Electronics,Mobile,29785,1,2026-08-06,Debit Card,29785
1219,Sneha,Pune,Grocery,Oil,104,2,2026-08-07,Debit Card,208
1220,Sneha,Nanded,Clothing,T-Shirt,1135,3,2026-08-08,Credit Card,3405
1221,Sneha,Nanded,Electronics,Headphones,7776,5,2026-08-09,Debit Card,38880
1222,Amit,Nanded,Furniture,Table,6456,4,2026-08-10,Cash,25824
1223,Sneha,Mumbai,Electronics,Tablet,20459,2,2026-08-11,Credit Card,40918
1224,Priya,Mumbai,Clothing,Jacket,1898,5,2026-08-12,Credit Card,9490
1225,Priya,Nanded,Electronics,Laptop,56922,4,2026-08-13,Credit Card,227688
1226,Sneha,Pune,Electronics,Tablet,20722,5,2026-08-14,UPI,103610
1227,Sneha,Mumbai,Furniture,Chair,3101,5,2026-08-15,Cash,15505
1228,Priya,Pune,Clothing,Shoes,4092,4,2026-08-16,Credit Card,16368
1229,Amit,Nanded,Electronics,Laptop,49838,4,2026-08-17,Debit Card,199352
1230,Rahul,Delhi,Furniture,Sofa,39048,1,2026-08-18,Credit Card,39048
1231,Rahul,Pune,Clothing,Jeans,2886,1,2026-08-19,Cash,2886
1232,Vishal,Delhi,Furniture,Sofa,26715,2,2026-08-20,Credit Card,53430
1233,Sneha,Nanded,Grocery,Rice,165,3,2026-08-21,Cash,495
1234,Vishal,Pune,Clothing,Jacket,3882,4,2026-08-22,Debit Card,15528
1235,Amit,Nanded,Electronics,Mobile,16439,5,2026-08-23,Cash,82195
1236,Rahul,Delhi,Electronics,Mobile,25374,2,2026-08-24,UPI,50748
1237,Amit,Nanded,Furniture,Bed,13046,1,2026-08-25,Credit Card,13046
1238,Sneha,Delhi,Clothing,T-Shirt,927,5,2026-08-26,Credit Card,4635
1239,Vishal,Mumbai,Furniture,Table,8581,2,2026-08-27,Cash,17162
1240,Sneha,Mumbai,Furniture,Chair,1233,1,2026-08-28,Debit Card,1233
1241,Rahul,Mumbai,Grocery,Rice,134,2,2026-08-29,Cash,268
1242,Sneha,Nanded,Furniture,Table,3274,5,2026-08-30,UPI,16370
1243,Priya,Pune,Furniture,Bed,11811,2,2026-08-31,Debit Card,23622
1244,Sneha,Nanded,Electronics,Mobile,40462,5,2026-09-01,Cash,202310
1245,Vishal,Pune,Grocery,Coffee,538,5,2026-09-02,Cash,2690
1246,Vishal,Nanded,Furniture,Bed,14536,5,2026-09-03,Debit Card,72680
1247,Amit,Mumbai,Furniture,Chair,1027,2,2026-09-04,Credit Card,2054
1248,Vishal,Delhi,Grocery,Oil,199,5,2026-09-05,Debit Card,995
1249,Vishal,Mumbai,Grocery,Coffee,298,2,2026-09-06,UPI,596
1250,Vishal,Delhi,Grocery,Coffee,157,5,2026-09-07,UPI,785
1251,Amit,Pune,Furniture,Table,7294,4,2026-09-08,UPI,29176
1252,Vishal,Delhi,Clothing,Shoes,3995,3,2026-09-09,UPI,11985
1253,Vishal,Nanded,Electronics,Laptop,32335,1,2026-09-10,Cash,32335
1254,Rahul,Mumbai,Electronics,Laptop,63133,5,2026-09-11,Debit Card,315665
1255,Sneha,Mumbai,Furniture,Bed,19480,4,2026-09-12,UPI,77920
1256,Sneha,Nanded,Clothing,T-Shirt,592,3,2026-09-13,Cash,1776
1257,Amit,Pune,Clothing,Jacket,2562,3,2026-09-14,UPI,7686
1258,Rahul,Delhi,Electronics,Headphones,8507,5,2026-09-15,Credit Card,42535
1259,Rahul,Pune,Furniture,Sofa,15686,5,2026-09-16,Cash,78430
1260,Priya,Mumbai,Electronics,Headphones,5725,2,2026-09-17,Credit Card,11450
1261,Vishal,Mumbai,Furniture,Bed,13498,3,2026-09-18,Credit Card,40494
1262,Amit,Mumbai,Furniture,Chair,2096,2,2026-09-19,Cash,4192
1263,Vishal,Delhi,Clothing,T-Shirt,572,2,2026-09-20,UPI,1144
1264,Amit,Delhi,Furniture,Bed,24495,3,2026-09-21,Debit Card,73485
1265,Rahul,Delhi,Clothing,Jeans,1439,3,2026-09-22,Cash,4317
1266,Amit,Mumbai,Clothing,Shoes,2234,5,2026-09-23,UPI,11170
1267,Rahul,Pune,Electronics,Laptop,51383,2,2026-09-24,Debit Card,102766
1268,Priya,Nanded,Clothing,Jacket,4995,3,2026-09-25,Debit Card,14985
1269,Priya,Pune,Clothing,Shoes,1005,3,2026-09-26,UPI,3015
1270,Amit,Delhi,Electronics,Tablet,19145,2,2026-09-27,UPI,38290
1271,Sneha,Mumbai,Furniture,Bed,22821,2,2026-09-28,Debit Card,45642
1272,Rahul,Delhi,Furniture,Table,6421,2,2026-09-29,Credit Card,12842
1273,Rahul,Delhi,Clothing,Jacket,2653,3,2026-09-30,Debit Card,7959
1274,Vishal,Pune,Electronics,Laptop,75471,2,2026-10-01,Credit Card,150942
1275,Sneha,Delhi,Furniture,Sofa,49753,4,2026-10-02,Cash,199012
1276,Sneha,Pune,Electronics,Mobile,35713,3,2026-10-03,Credit Card,107139
1277,Rahul,Mumbai,Electronics,Headphones,7919,5,2026-10-04,Cash,39595
1278,Amit,Delhi,Grocery,Oil,219,2,2026-10-05,UPI,438
1279,Amit,Nanded,Clothing,Shoes,4658,3,2026-10-06,UPI,13974
1280,Vishal,Mumbai,Furniture,Bed,26145,3,2026-10-07,Credit Card,78435
1281,Amit,Mumbai,Clothing,T-Shirt,769,2,2026-10-08,Debit Card,1538
1282,Amit,Pune,Clothing,T-Shirt,1441,5,2026-10-09,Debit Card,7205
1283,Rahul,Nanded,Clothing,Shoes,3437,5,2026-10-10,UPI,17185
1284,Priya,Mumbai,Furniture,Sofa,30896,5,2026-10-11,Credit Card,154480
1285,Rahul,Delhi,Grocery,Coffee,523,5,2026-10-12,Debit Card,2615
1286,Priya,Nanded,Grocery,Coffee,389,4,2026-10-13,Debit Card,1556
1287,Priya,Mumbai,Furniture,Table,9757,5,2026-10-14,Cash,48785
1288,Vishal,Nanded,Clothing,Shoes,4591,3,2026-10-15,UPI,13773
1289,Sneha,Nanded,Furniture,Table,5229,2,2026-10-16,Debit Card,10458
1290,Sneha,Nanded,Electronics,Tablet,16752,1,2026-10-17,Cash,16752
1291,Vishal,Delhi,Clothing,Jeans,1203,1,2026-10-18,UPI,1203
1292,Amit,Nanded,Electronics,Headphones,2869,3,2026-10-19,Debit Card,8607
1293,Sneha,Pune,Furniture,Table,4284,1,2026-10-20,UPI,4284
1294,Priya,Mumbai,Grocery,Rice,94,3,2026-10-21,UPI,282
1295,Rahul,Nanded,Electronics,Mobile,18892,2,2026-10-22,Credit Card,37784
1296,Sneha,Mumbai,Electronics,Headphones,9841,3,2026-10-23,Cash,29523
1297,Sneha,Pune,Grocery,Coffee,339,1,2026-10-24,Credit Card,339
1298,Priya,Nanded,Grocery,Oil,111,3,2026-10-25,Credit Card,333
1299,Sneha,Nanded,Grocery,Rice,168,3,2026-10-26,Cash,504
1300,Amit,Delhi,Clothing,T-Shirt,1283,1,2026-10-27,Credit Card,1283
1301,Amit,Nanded,Clothing,T-Shirt,1128,5,2026-10-28,Credit Card,5640
1302,Priya,Delhi,Clothing,T-Shirt,1279,1,2026-10-29,UPI,1279
1303,Vishal,Nanded,Grocery,Tea,392,5,2026-10-30,Credit Card,1960
1304,Sneha,Nanded,Furniture,Sofa,27396,4,2026-10-31,Credit Card,109584
1305,Sneha,Mumbai,Furniture,Chair,4092,2,2026-11-01,Credit Card,8184
1306,Vishal,Mumbai,Furniture,Chair,2683,4,2026-11-02,Credit Card,10732
1307,Vishal,Nanded,Clothing,T-Shirt,727,1,2026-11-03,Credit Card,727
1308,Rahul,Pune,Furniture,Chair,4196,4,2026-11-04,Credit Card,16784
1309,Rahul,Delhi,Electronics,Mobile,40742,5,2026-11-05,Credit Card,203710
1310,Rahul,Nanded,Furniture,Bed,27860,1,2026-11-06,Credit Card,27860
1311,Priya,Pune,Furniture,Sofa,24644,5,2026-11-07,Credit Card,123220
1312,Rahul,Pune,Grocery,Coffee,382,1,2026-11-08,Debit Card,382
1313,Priya,Pune,Electronics,Headphones,4445,2,2026-11-09,Credit Card,8890
1314,Rahul,Pune,Electronics,Tablet,29887,2,2026-11-10,UPI,59774
1315,Rahul,Delhi,Clothing,Jeans,2894,1,2026-11-11,Debit Card,2894
1316,Vishal,Nanded,Clothing,Jacket,4879,4,2026-11-12,Cash,19516
1317,Amit,Mumbai,Clothing,Jacket,2366,1,2026-11-13,UPI,2366
1318,Amit,Nanded,Grocery,Tea,377,3,2026-11-14,UPI,1131
1319,Sneha,Pune,Grocery,Coffee,557,2,2026-11-15,Cash,1114
1320,Rahul,Delhi,Furniture,Chair,3965,4,2026-11-16,Credit Card,15860
1321,Amit,Mumbai,Electronics,Headphones,7382,5,2026-11-17,UPI,36910
1322,Amit,Delhi,Furniture,Table,6345,3,2026-11-18,UPI,19035
1323,Vishal,Pune,Furniture,Sofa,33527,5,2026-11-19,Cash,167635
1324,Priya,Delhi,Grocery,Oil,256,1,2026-11-20,Debit Card,256
1325,Priya,Delhi,Grocery,Coffee,484,5,2026-11-21,Credit Card,2420
1326,Rahul,Pune,Clothing,T-Shirt,1349,3,2026-11-22,UPI,4047
1327,Priya,Pune,Clothing,T-Shirt,520,5,2026-11-23,UPI,2600
1328,Amit,Pune,Clothing,Shoes,4967,5,2026-11-24,Credit Card,24835
1329,Priya,Pune,Grocery,Oil,143,5,2026-11-25,Cash,715
1330,Vishal,Delhi,Clothing,Shoes,1908,1,2026-11-26,UPI,1908
1331,Rahul,Pune,Grocery,Rice,188,4,2026-11-27,Credit Card,752
1332,Amit,Mumbai,Furniture,Table,6530,5,2026-11-28,UPI,32650
1333,Vishal,Delhi,Grocery,Rice,88,1,2026-11-29,UPI,88
1334,Amit,Delhi,Clothing,Shoes,1260,1,2026-11-30,Credit Card,1260
1335,Sneha,Pune,Furniture,Bed,21070,3,2026-12-01,Cash,63210
1336,Sneha,Mumbai,Grocery,Oil,163,4,2026-12-02,Cash,652
1337,Sneha,Pune,Clothing,Jeans,1856,5,2026-12-03,Credit Card,9280
1338,Amit,Mumbai,Electronics,Mobile,28760,1,2026-12-04,Credit Card,28760
1339,Rahul,Nanded,Clothing,Jeans,880,1,2026-12-05,Cash,880
1340,Rahul,Delhi,Furniture,Bed,26523,2,2026-12-06,Debit Card,53046
1341,Priya,Mumbai,Grocery,Oil,150,4,2026-12-07,Cash,600
1342,Priya,Delhi,Clothing,Shoes,1721,5,2026-12-08,Cash,8605
1343,Priya,Nanded,Clothing,Shoes,2771,3,2026-12-09,Cash,8313
1344,Vishal,Nanded,Grocery,Oil,197,3,2026-12-10,Debit Card,591
1345,Rahul,Pune,Clothing,Jeans,2730,4,2026-12-11,UPI,10920
1346,Vishal,Delhi,Clothing,Jacket,3619,3,2026-12-12,UPI,10857
1347,Amit,Mumbai,Grocery,Tea,491,5,2026-12-13,UPI,2455
1348,Sneha,Delhi,Grocery,Coffee,409,3,2026-12-14,Debit Card,1227
1349,Vishal,Mumbai,Grocery,Rice,71,5,2026-12-15,Debit Card,355
1350,Sneha,Nanded,Furniture,Sofa,16162,5,2026-12-16,Cash,80810
1351,Amit,Delhi,Grocery,Oil,149,4,2026-12-17,UPI,596
1352,Priya,Delhi,Furniture,Bed,26961,3,2026-12-18,Credit Card,80883
1353,Rahul,Pune,Clothing,T-Shirt,1397,1,2026-12-19,Credit Card,1397
1354,Rahul,Delhi,Furniture,Table,7363,3,2026-12-20,Debit Card,22089
1355,Rahul,Nanded,Electronics,Headphones,6339,3,2026-12-21,Credit Card,19017
1356,Vishal,Nanded,Clothing,Jacket,4728,3,2026-12-22,UPI,14184
1357,Vishal,Mumbai,Grocery,Oil,124,4,2026-12-23,Credit Card,496
1358,Priya,Nanded,Furniture,Sofa,49970,2,2026-12-24,UPI,99940
1359,Priya,Mumbai,Electronics,Mobile,44525,4,2026-12-25,UPI,178100
1360,Rahul,Mumbai,Grocery,Coffee,250,5,2026-12-26,UPI,1250
1361,Amit,Nanded,Clothing,Jeans,1842,3,2026-12-27,Credit Card,5526
1362,Rahul,Mumbai,Clothing,T-Shirt,960,3,2026-12-28,Debit Card,2880
1363,Sneha,Mumbai,Electronics,Laptop,67779,3,2026-12-29,Credit Card,203337
1364,Rahul,Pune,Furniture,Chair,2758,4,2026-12-30,Debit Card,11032
1365,Vishal,Nanded,Grocery,Coffee,173,1,2026-12-31,Cash,173
1366,Priya,Mumbai,Clothing,Jacket,3215,3,2027-01-01,Cash,9645
1367,Sneha,Pune,Grocery,Rice,113,5,2027-01-02,Cash,565
1368,Sneha,Pune,Electronics,Mobile,47899,2,2027-01-03,Credit Card,95798
1369,Priya,Mumbai,Grocery,Rice,65,1,2027-01-04,Credit Card,65
1370,Priya,Pune,Clothing,Jeans,1307,4,2027-01-05,UPI,5228
1371,Rahul,Delhi,Electronics,Headphones,4855,1,2027-01-06,Debit Card,4855
1372,Amit,Mumbai,Furniture,Chair,2130,5,2027-01-07,Credit Card,10650
1373,Priya,Mumbai,Furniture,Sofa,22873,1,2027-01-08,Debit Card,22873
1374,Rahul,Mumbai,Electronics,Tablet,15537,4,2027-01-09,Credit Card,62148
1375,Rahul,Nanded,Clothing,Jacket,3403,2,2027-01-10,UPI,6806
1376,Sneha,Mumbai,Electronics,Headphones,5808,4,2027-01-11,Credit Card,23232
1377,Rahul,Nanded,Furniture,Chair,4033,1,2027-01-12,Credit Card,4033
1378,Sneha,Nanded,Electronics,Mobile,45218,3,2027-01-13,Cash,135654
1379,Sneha,Mumbai,Grocery,Oil,162,1,2027-01-14,Cash,162
1380,Vishal,Nanded,Electronics,Headphones,6922,2,2027-01-15,Debit Card,13844
1381,Amit,Nanded,Clothing,Shoes,2865,5,2027-01-16,UPI,14325
1382,Vishal,Mumbai,Electronics,Laptop,54801,1,2027-01-17,UPI,54801
1383,Sneha,Mumbai,Electronics,Headphones,3034,5,2027-01-18,Debit Card,15170
1384,Rahul,Mumbai,Furniture,Table,3744,1,2027-01-19,Debit Card,3744
1385,Amit,Delhi,Electronics,Mobile,42461,4,2027-01-20,UPI,169844
1386,Sneha,Nanded,Electronics,Laptop,73395,3,2027-01-21,Debit Card,220185
1387,Sneha,Mumbai,Clothing,Jeans,1251,1,2027-01-22,Cash,1251
1388,Priya,Mumbai,Clothing,Jeans,1138,1,2027-01-23,Cash,1138
1389,Vishal,Mumbai,Grocery,Rice,171,4,2027-01-24,Debit Card,684
1390,Amit,Nanded,Electronics,Mobile,18168,5,2027-01-25,Debit Card,90840
1391,Sneha,Delhi,Grocery,Tea,186,5,2027-01-26,Cash,930
1392,Rahul,Delhi,Furniture,Chair,4030,2,2027-01-27,Credit Card,8060
1393,Amit,Delhi,Clothing,Shoes,3212,5,2027-01-28,Cash,16060
1394,Priya,Mumbai,Furniture,Bed,21546,2,2027-01-29,Credit Card,43092
1395,Sneha,Delhi,Clothing,Jeans,1201,3,2027-01-30,Debit Card,3603
1396,Vishal,Nanded,Furniture,Sofa,48871,5,2027-01-31,UPI,244355
1397,Priya,Pune,Furniture,Sofa,15115,5,2027-02-01,Debit Card,75575
1398,Vishal,Mumbai,Clothing,Jacket,1820,5,2027-02-02,Cash,9100
1399,Priya,Nanded,Furniture,Chair,1724,4,2027-02-03,Debit Card,6896
1400,Sneha,Mumbai,Furniture,Chair,4204,1,2027-02-04,Cash,4204
1401,Vishal,Mumbai,Clothing,Jacket,3990,5,2027-02-05,Cash,19950
1402,Sneha,Pune,Furniture,Sofa,45638,5,2027-02-06,UPI,228190
1403,Priya,Mumbai,Furniture,Sofa,18332,4,2027-02-07,Credit Card,73328
1404,Rahul,Delhi,Grocery,Tea,294,5,2027-02-08,Credit Card,1470
1405,Vishal,Pune,Electronics,Tablet,17909,4,2027-02-09,Debit Card,71636
1406,Priya,Nanded,Grocery,Oil,287,5,2027-02-10,Credit Card,1435
1407,Rahul,Mumbai,Furniture,Sofa,48491,5,2027-02-11,UPI,242455
1408,Sneha,Mumbai,Electronics,Tablet,28304,5,2027-02-12,Credit Card,141520
1409,Rahul,Mumbai,Furniture,Table,4229,4,2027-02-13,UPI,16916
1410,Rahul,Delhi,Grocery,Coffee,297,5,2027-02-14,Credit Card,1485
1411,Rahul,Pune,Grocery,Tea,121,4,2027-02-15,Debit Card,484
1412,Sneha,Delhi,Electronics,Headphones,6893,4,2027-02-16,Credit Card,27572
1413,Sneha,Nanded,Clothing,Jacket,3970,5,2027-02-17,Debit Card,19850
1414,Rahul,Delhi,Grocery,Coffee,518,1,2027-02-18,Cash,518
1415,Rahul,Nanded,Furniture,Sofa,20322,4,2027-02-19,UPI,81288
1416,Amit,Pune,Clothing,Jeans,2858,4,2027-02-20,UPI,11432
1417,Amit,Nanded,Furniture,Sofa,24311,4,2027-02-21,UPI,97244
1418,Priya,Delhi,Clothing,Jeans,1156,5,2027-02-22,Debit Card,5780
1419,Priya,Nanded,Clothing,T-Shirt,1348,2,2027-02-23,Debit Card,2696
1420,Rahul,Nanded,Clothing,Shoes,3084,4,2027-02-24,Cash,12336
1421,Vishal,Mumbai,Grocery,Tea,217,1,2027-02-25,Cash,217
1422,Sneha,Delhi,Electronics,Laptop,36913,1,2027-02-26,Cash,36913
1423,Priya,Mumbai,Grocery,Oil,270,3,2027-02-27,Credit Card,810
1424,Vishal,Pune,Grocery,Coffee,358,2,2027-02-28,Cash,716
1425,Amit,Pune,Grocery,Rice,107,5,2027-03-01,Debit Card,535
1426,Rahul,Delhi,Furniture,Bed,33507,4,2027-03-02,Credit Card,134028
1427,Amit,Mumbai,Grocery,Tea,444,3,2027-03-03,Cash,1332
1428,Priya,Mumbai,Furniture,Chair,4666,3,2027-03-04,UPI,13998
1429,Priya,Delhi,Grocery,Rice,181,3,2027-03-05,UPI,543
1430,Sneha,Mumbai,Furniture,Bed,17422,1,2027-03-06,UPI,17422
1431,Sneha,Delhi,Grocery,Oil,291,4,2027-03-07,Debit Card,1164
1432,Priya,Mumbai,Grocery,Oil,270,5,2027-03-08,Credit Card,1350
1433,Amit,Mumbai,Grocery,Coffee,176,5,2027-03-09,UPI,880
1434,Sneha,Pune,Clothing,Jacket,2397,2,2027-03-10,Credit Card,4794
1435,Priya,Delhi,Grocery,Rice,88,2,2027-03-11,Credit Card,176
1436,Priya,Pune,Electronics,Headphones,4015,5,2027-03-12,UPI,20075
1437,Amit,Pune,Electronics,Tablet,32013,2,2027-03-13,Credit Card,64026
1438,Sneha,Nanded,Furniture,Sofa,41820,1,2027-03-14,Credit Card,41820
1439,Priya,Pune,Grocery,Tea,107,4,2027-03-15,Debit Card,428
1440,Amit,Nanded,Furniture,Chair,2160,4,2027-03-16,Cash,8640
1441,Vishal,Nanded,Furniture,Chair,2249,2,2027-03-17,UPI,4498
1442,Sneha,Pune,Clothing,T-Shirt,397,5,2027-03-18,Cash,1985
1443,Priya,Mumbai,Grocery,Tea,306,4,2027-03-19,UPI,1224
1444,Vishal,Delhi,Furniture,Sofa,42937,4,2027-03-20,Credit Card,171748
1445,Rahul,Nanded,Clothing,T-Shirt,375,2,2027-03-21,Debit Card,750
1446,Sneha,Delhi,Clothing,Jacket,4895,5,2027-03-22,Debit Card,24475
1447,Sneha,Delhi,Grocery,Tea,209,1,2027-03-23,UPI,209
1448,Amit,Nanded,Grocery,Rice,183,5,2027-03-24,Credit Card,915
1449,Amit,Delhi,Grocery,Oil,287,1,2027-03-25,Cash,287
1450,Amit,Delhi,Furniture,Sofa,46591,4,2027-03-26,UPI,186364
1451,Rahul,Mumbai,Electronics,Headphones,1498,3,2027-03-27,Cash,4494
1452,Vishal,Nanded,Clothing,Shoes,2757,5,2027-03-28,Debit Card,13785
1453,Priya,Pune,Electronics,Headphones,8505,4,2027-03-29,UPI,34020
1454,Amit,Pune,Electronics,Headphones,2235,3,2027-03-30,Cash,6705
1455,Rahul,Delhi,Electronics,Laptop,68793,4,2027-03-31,Credit Card,275172
1456,Rahul,Pune,Electronics,Laptop,74436,4,2027-04-01,Credit Card,297744
1457,Sneha,Mumbai,Furniture,Sofa,21380,2,2027-04-02,Cash,42760
1458,Sneha,Mumbai,Furniture,Sofa,28397,2,2027-04-03,Cash,56794
1459,Priya,Mumbai,Electronics,Mobile,44632,3,2027-04-04,UPI,133896
1460,Vishal,Delhi,Electronics,Headphones,4358,4,2027-04-05,Debit Card,17432
1461,Priya,Delhi,Electronics,Mobile,22545,1,2027-04-06,Cash,22545
1462,Rahul,Mumbai,Furniture,Table,9616,5,2027-04-07,Credit Card,48080
1463,Vishal,Pune,Electronics,Mobile,49425,4,2027-04-08,Credit Card,197700
1464,Rahul,Pune,Furniture,Sofa,31543,3,2027-04-09,Credit Card,94629
1465,Rahul,Delhi,Furniture,Chair,2469,1,2027-04-10,Cash,2469
1466,Vishal,Pune,Furniture,Chair,4459,3,2027-04-11,Credit Card,13377
1467,Rahul,Delhi,Electronics,Tablet,38284,1,2027-04-12,Credit Card,38284
1468,Rahul,Pune,Grocery,Tea,325,5,2027-04-13,UPI,1625
1469,Priya,Nanded,Furniture,Sofa,44700,3,2027-04-14,Debit Card,134100
1470,Sneha,Nanded,Clothing,Jeans,2618,4,2027-04-15,Cash,10472
1471,Priya,Nanded,Grocery,Oil,117,5,2027-04-16,Debit Card,585
1472,Priya,Pune,Grocery,Tea,179,5,2027-04-17,Cash,895
1473,Amit,Pune,Grocery,Rice,124,2,2027-04-18,Credit Card,248
1474,Sneha,Nanded,Grocery,Oil,231,2,2027-04-19,Debit Card,462
1475,Amit,Nanded,Electronics,Mobile,23579,5,2027-04-20,UPI,117895
1476,Sneha,Mumbai,Clothing,Jacket,4162,3,2027-04-21,Credit Card,12486
1477,Amit,Delhi,Furniture,Sofa,17258,2,2027-04-22,Debit Card,34516
1478,Priya,Mumbai,Clothing,Shoes,4777,1,2027-04-23,Debit Card,4777
1479,Rahul,Delhi,Electronics,Laptop,52620,5,2027-04-24,UPI,263100
1480,Priya,Mumbai,Electronics,Laptop,71301,1,2027-04-25,Cash,71301
1481,Vishal,Delhi,Furniture,Table,5580,1,2027-04-26,Debit Card,5580
1482,Amit,Mumbai,Grocery,Oil,251,1,2027-04-27,UPI,251
1483,Sneha,Pune,Electronics,Laptop,75347,5,2027-04-28,Credit Card,376735
1484,Priya,Nanded,Furniture,Sofa,41641,3,2027-04-29,Cash,124923
1485,Vishal,Mumbai,Furniture,Table,3069,2,2027-04-30,Cash,6138
1486,Vishal,Delhi,Electronics,Mobile,47316,3,2027-05-01,Cash,141948
1487,Rahul,Nanded,Electronics,Tablet,21431,4,2027-05-02,Cash,85724
1488,Amit,Mumbai,Furniture,Sofa,39526,5,2027-05-03,Cash,197630
1489,Rahul,Delhi,Clothing,Jacket,4018,2,2027-05-04,UPI,8036
1490,Vishal,Delhi,Grocery,Coffee,559,3,2027-05-05,Credit Card,1677
1491,Sneha,Delhi,Clothing,Jeans,2240,2,2027-05-06,Debit Card,4480
1492,Vishal,Nanded,Clothing,T-Shirt,1182,4,2027-05-07,Debit Card,4728
1493,Sneha,Mumbai,Clothing,Jacket,2934,4,2027-05-08,Cash,11736
1494,Amit,Delhi,Electronics,Tablet,17451,3,2027-05-09,Credit Card,52353
1495,Amit,Delhi,Grocery,Rice,191,2,2027-05-10,Credit Card,382
1496,Amit,Nanded,Electronics,Tablet,15782,5,2027-05-11,UPI,78910
1497,Rahul,Mumbai,Furniture,Chair,1828,2,2027-05-12,Debit Card,3656
1498,Vishal,Nanded,Electronics,Headphones,8624,5,2027-05-13,Cash,43120
1499,Priya,Nanded,Grocery,Tea,356,3,2027-05-14,Cash,1068
1500,Amit,Nanded,Electronics,Laptop,31369,1,2027-05-15,Credit Card,31369
1501,Vishal,Delhi,Grocery,Oil,124,5,2027-05-16,Debit Card,620
1502,Sneha,Delhi,Clothing,Jacket,4440,5,2027-05-17,Credit Card,22200
1503,Priya,Pune,Clothing,T-Shirt,1193,1,2027-05-18,Credit Card,1193
1504,Amit,Nanded,Clothing,Shoes,3107,1,2027-05-19,Cash,3107
1505,Amit,Delhi,Grocery,Tea,444,4,2027-05-20,UPI,1776
1506,Rahul,Pune,Electronics,Headphones,8921,3,2027-05-21,Cash,26763
1507,Amit,Nanded,Clothing,Shoes,4701,1,2027-05-22,Cash,4701
1508,Sneha,Pune,Grocery,Oil,252,1,2027-05-23,Credit Card,252
1509,Sneha,Pune,Electronics,Tablet,15810,2,2027-05-24,Debit Card,31620
1510,Rahul,Pune,Grocery,Rice,113,5,2027-05-25,UPI,565
1511,Amit,Mumbai,Clothing,Jeans,2826,2,2027-05-26,Credit Card,5652
1512,Amit,Delhi,Clothing,Jeans,1332,3,2027-05-27,Credit Card,3996
1513,Amit,Delhi,Electronics,Tablet,20110,5,2027-05-28,Credit Card,100550
1514,Priya,Nanded,Grocery,Tea,473,4,2027-05-29,Credit Card,1892
1515,Vishal,Delhi,Clothing,Shoes,4939,2,2027-05-30,Credit Card,9878
1516,Vishal,Nanded,Electronics,Laptop,79225,1,2027-05-31,Credit Card,79225
1517,Vishal,Nanded,Furniture,Sofa,48961,5,2027-06-01,Credit Card,244805
1518,Rahul,Nanded,Grocery,Tea,299,1,2027-06-02,Credit Card,299
1519,Amit,Mumbai,Electronics,Headphones,4712,3,2027-06-03,Credit Card,14136
1520,Sneha,Delhi,Grocery,Tea,265,4,2027-06-04,Credit Card,1060
1521,Sneha,Pune,Clothing,T-Shirt,1176,2,2027-06-05,UPI,2352
1522,Rahul,Nanded,Clothing,Shoes,4918,5,2027-06-06,Cash,24590
1523,Amit,Nanded,Furniture,Chair,2259,4,2027-06-07,UPI,9036
1524,Vishal,Pune,Clothing,Shoes,3243,4,2027-06-08,Debit Card,12972
1525,Vishal,Delhi,Clothing,Jacket,4112,5,2027-06-09,Cash,20560
1526,Sneha,Pune,Clothing,Jeans,1746,5,2027-06-10,UPI,8730
1527,Amit,Delhi,Furniture,Table,8126,1,2027-06-11,Cash,8126
1528,Sneha,Nanded,Electronics,Tablet,33214,3,2027-06-12,UPI,99642
1529,Vishal,Delhi,Furniture,Table,4746,4,2027-06-13,Cash,18984
1530,Priya,Pune,Electronics,Headphones,4936,5,2027-06-14,Debit Card,24680
1531,Rahul,Pune,Electronics,Mobile,38843,3,2027-06-15,Credit Card,116529
1532,Priya,Pune,Clothing,Jeans,1873,4,2027-06-16,Credit Card,7492
1533,Sneha,Mumbai,Furniture,Bed,13004,1,2027-06-17,Cash,13004
1534,Sneha,Mumbai,Grocery,Rice,165,3,2027-06-18,UPI,495
1535,Priya,Pune,Clothing,Jeans,1136,4,2027-06-19,Credit Card,4544
1536,Priya,Nanded,Clothing,T-Shirt,551,4,2027-06-20,Credit Card,2204
1537,Priya,Nanded,Electronics,Mobile,43789,1,2027-06-21,Cash,43789
1538,Amit,Nanded,Electronics,Laptop,71248,1,2027-06-22,Debit Card,71248
1539,Amit,Pune,Clothing,Jeans,2777,4,2027-06-23,Cash,11108
1540,Vishal,Mumbai,Clothing,Jeans,1383,1,2027-06-24,Credit Card,1383
1541,Vishal,Pune,Furniture,Table,5023,1,2027-06-25,Cash,5023
1542,Sneha,Pune,Clothing,Shoes,2873,2,2027-06-26,Debit Card,5746
1543,Vishal,Nanded,Clothing,T-Shirt,849,1,2027-06-27,Credit Card,849
1544,Sneha,Delhi,Furniture,Bed,39695,5,2027-06-28,Debit Card,198475
1545,Amit,Pune,Electronics,Tablet,37520,4,2027-06-29,UPI,150080
1546,Vishal,Mumbai,Furniture,Sofa,25080,5,2027-06-30,Debit Card,125400
1547,Sneha,Pune,Grocery,Oil,131,3,2027-07-01,Credit Card,393
1548,Priya,Nanded,Electronics,Tablet,38569,5,2027-07-02,Credit Card,192845
1549,Amit,Nanded,Furniture,Bed,31387,3,2027-07-03,Credit Card,94161
1550,Rahul,Mumbai,Clothing,Jacket,2614,4,2027-07-04,UPI,10456
1551,Rahul,Delhi,Clothing,Shoes,1431,3,2027-07-05,Debit Card,4293
1552,Priya,Mumbai,Furniture,Table,4896,1,2027-07-06,UPI,4896
1553,Priya,Delhi,Furniture,Table,9551,3,2027-07-07,Credit Card,28653
1554,Amit,Pune,Clothing,Jacket,2176,5,2027-07-08,Debit Card,10880
1555,Amit,Delhi,Electronics,Tablet,26657,3,2027-07-09,Cash,79971
1556,Amit,Nanded,Furniture,Bed,38202,2,2027-07-10,Credit Card,76404
1557,Amit,Nanded,Furniture,Table,8432,1,2027-07-11,UPI,8432
1558,Vishal,Nanded,Grocery,Rice,135,3,2027-07-12,Credit Card,405
1559,Amit,Nanded,Electronics,Tablet,25649,2,2027-07-13,UPI,51298
1560,Priya,Mumbai,Furniture,Sofa,29595,2,2027-07-14,UPI,59190
1561,Sneha,Mumbai,Furniture,Sofa,27116,5,2027-07-15,Credit Card,135580
1562,Sneha,Nanded,Clothing,Jacket,1994,1,2027-07-16,Credit Card,1994
1563,Rahul,Nanded,Furniture,Chair,1654,1,2027-07-17,Cash,1654
1564,Sneha,Delhi,Clothing,Jeans,2384,4,2027-07-18,Credit Card,9536
1565,Sneha,Mumbai,Electronics,Laptop,40133,3,2027-07-19,UPI,120399
1566,Priya,Mumbai,Grocery,Tea,352,2,2027-07-20,Credit Card,704
1567,Sneha,Pune,Electronics,Mobile,40226,2,2027-07-21,UPI,80452
1568,Rahul,Mumbai,Grocery,Oil,142,2,2027-07-22,UPI,284
1569,Sneha,Pune,Furniture,Chair,3165,1,2027-07-23,Credit Card,3165
1570,Vishal,Nanded,Clothing,T-Shirt,1454,2,2027-07-24,Credit Card,2908
1571,Sneha,Pune,Furniture,Chair,4076,1,2027-07-25,Cash,4076
1572,Vishal,Pune,Clothing,T-Shirt,1133,4,2027-07-26,UPI,4532
1573,Rahul,Mumbai,Clothing,Jeans,2403,1,2027-07-27,Cash,2403
1574,Amit,Mumbai,Grocery,Oil,220,3,2027-07-28,Debit Card,660
1575,Sneha,Mumbai,Electronics,Tablet,26340,5,2027-07-29,Debit Card,131700
1576,Vishal,Pune,Furniture,Bed,24369,3,2027-07-30,Cash,73107
1577,Vishal,Nanded,Furniture,Sofa,42788,4,2027-07-31,Credit Card,171152
1578,Priya,Pune,Furniture,Bed,27852,5,2027-08-01,UPI,139260
1579,Vishal,Mumbai,Electronics,Headphones,5568,5,2027-08-02,Debit Card,27840
1580,Vishal,Nanded,Clothing,Jacket,3673,5,2027-08-03,Debit Card,18365
1581,Priya,Nanded,Clothing,Jeans,802,4,2027-08-04,Credit Card,3208
1582,Priya,Delhi,Clothing,T-Shirt,552,3,2027-08-05,Cash,1656
1583,Vishal,Nanded,Clothing,Shoes,4804,1,2027-08-06,Cash,4804
1584,Amit,Pune,Grocery,Coffee,565,3,2027-08-07,UPI,1695
1585,Sneha,Mumbai,Grocery,Coffee,453,2,2027-08-08,Debit Card,906
1586,Amit,Mumbai,Grocery,Rice,90,3,2027-08-09,Debit Card,270
1587,Priya,Pune,Grocery,Rice,51,5,2027-08-10,UPI,255
1588,Sneha,Delhi,Electronics,Mobile,10029,4,2027-08-11,Credit Card,40116
1589,Sneha,Mumbai,Furniture,Sofa,34264,2,2027-08-12,Debit Card,68528
1590,Priya,Delhi,Furniture,Bed,29577,3,2027-08-13,UPI,88731
1591,Priya,Pune,Clothing,Jacket,2754,5,2027-08-14,Cash,13770
1592,Priya,Pune,Clothing,Shoes,1899,2,2027-08-15,UPI,3798
1593,Rahul,Delhi,Furniture,Bed,25157,2,2027-08-16,Debit Card,50314
1594,Priya,Nanded,Grocery,Rice,192,4,2027-08-17,Debit Card,768
1595,Sneha,Nanded,Furniture,Sofa,22406,1,2027-08-18,Debit Card,22406
1596,Vishal,Pune,Grocery,Rice,54,5,2027-08-19,Debit Card,270
1597,Sneha,Delhi,Furniture,Sofa,46299,1,2027-08-20,Credit Card,46299
1598,Vishal,Nanded,Grocery,Rice,54,4,2027-08-21,Credit Card,216
1599,Rahul,Nanded,Clothing,Shoes,2276,1,2027-08-22,Debit Card,2276
1600,Sneha,Mumbai,Clothing,Shoes,3950,4,2027-08-23,Credit Card,15800
1601,Vishal,Delhi,Grocery,Oil,290,5,2027-08-24,Credit Card,1450
1602,Vishal,Delhi,Clothing,Jacket,4319,5,2027-08-25,Debit Card,21595
1603,Rahul,Nanded,Furniture,Bed,18971,3,2027-08-26,Credit Card,56913
1604,Sneha,Mumbai,Clothing,T-Shirt,1193,4,2027-08-27,Debit Card,4772
1605,Priya,Delhi,Electronics,Tablet,24075,5,2027-08-28,Debit Card,120375
1606,Priya,Mumbai,Grocery,Rice,123,5,2027-08-29,Debit Card,615
1607,Amit,Pune,Furniture,Sofa,34992,5,2027-08-30,Debit Card,174960
1608,Amit,Mumbai,Electronics,Mobile,44284,2,2027-08-31,Credit Card,88568
1609,Amit,Mumbai,Grocery,Coffee,569,1,2027-09-01,UPI,569
1610,Amit,Mumbai,Electronics,Laptop,35749,5,2027-09-02,Debit Card,178745
1611,Sneha,Pune,Grocery,Rice,148,5,2027-09-03,UPI,740
1612,Amit,Mumbai,Clothing,Jeans,2871,2,2027-09-04,Cash,5742
1613,Rahul,Delhi,Furniture,Table,4398,5,2027-09-05,Debit Card,21990
1614,Priya,Nanded,Furniture,Table,4352,5,2027-09-06,Debit Card,21760
1615,Rahul,Delhi,Clothing,Jeans,1757,5,2027-09-07,Debit Card,8785
1616,Priya,Delhi,Furniture,Chair,3225,1,2027-09-08,UPI,3225
1617,Rahul,Delhi,Grocery,Oil,212,1,2027-09-09,Debit Card,212
1618,Amit,Nanded,Furniture,Sofa,32113,5,2027-09-10,Credit Card,160565
1619,Sneha,Mumbai,Furniture,Chair,2933,1,2027-09-11,Credit Card,2933
1620,Amit,Mumbai,Furniture,Bed,36924,5,2027-09-12,UPI,184620
1621,Priya,Nanded,Electronics,Tablet,26344,4,2027-09-13,Credit Card,105376
1622,Sneha,Mumbai,Furniture,Chair,2137,2,2027-09-14,UPI,4274
1623,Rahul,Nanded,Grocery,Coffee,302,1,2027-09-15,Cash,302
1624,Rahul,Delhi,Grocery,Coffee,431,5,2027-09-16,UPI,2155
1625,Vishal,Delhi,Furniture,Bed,15848,3,2027-09-17,Credit Card,47544
1626,Sneha,Mumbai,Grocery,Rice,145,5,2027-09-18,Cash,725
1627,Sneha,Mumbai,Grocery,Coffee,231,2,2027-09-19,Cash,462
1628,Sneha,Mumbai,Electronics,Laptop,50252,2,2027-09-20,Credit Card,100504
1629,Rahul,Nanded,Furniture,Chair,2698,4,2027-09-21,UPI,10792
1630,Amit,Pune,Clothing,Jacket,4926,1,2027-09-22,Credit Card,4926
1631,Rahul,Delhi,Furniture,Sofa,46918,2,2027-09-23,UPI,93836
1632,Amit,Delhi,Clothing,T-Shirt,1484,3,2027-09-24,Debit Card,4452
1633,Rahul,Mumbai,Clothing,Jeans,2828,4,2027-09-25,Cash,11312
1634,Vishal,Mumbai,Grocery,Oil,242,3,2027-09-26,Debit Card,726
1635,Vishal,Mumbai,Clothing,Jacket,2360,2,2027-09-27,UPI,4720
1636,Vishal,Mumbai,Clothing,T-Shirt,389,5,2027-09-28,UPI,1945
1637,Amit,Nanded,Clothing,Jacket,4933,3,2027-09-29,Cash,14799
1638,Sneha,Nanded,Grocery,Coffee,241,2,2027-09-30,Credit Card,482
1639,Priya,Mumbai,Clothing,Shoes,1359,4,2027-10-01,Cash,5436
1640,Priya,Nanded,Clothing,Shoes,3167,5,2027-10-02,Debit Card,15835
1641,Rahul,Nanded,Furniture,Sofa,22648,4,2027-10-03,Credit Card,90592
1642,Sneha,Delhi,Clothing,T-Shirt,396,5,2027-10-04,Credit Card,1980
1643,Sneha,Pune,Electronics,Mobile,14615,4,2027-10-05,Credit Card,58460
1644,Rahul,Nanded,Furniture,Bed,22377,1,2027-10-06,Debit Card,22377
1645,Sneha,Delhi,Electronics,Mobile,46038,3,2027-10-07,UPI,138114
1646,Vishal,Pune,Furniture,Chair,1143,3,2027-10-08,Debit Card,3429
1647,Amit,Pune,Furniture,Sofa,19522,2,2027-10-09,UPI,39044
1648,Vishal,Nanded,Grocery,Coffee,227,2,2027-10-10,Cash,454
1649,Rahul,Mumbai,Clothing,Shoes,4640,3,2027-10-11,UPI,13920
1650,Priya,Nanded,Furniture,Chair,2996,1,2027-10-12,UPI,2996
1651,Priya,Nanded,Clothing,Shoes,1979,4,2027-10-13,Cash,7916
1652,Vishal,Delhi,Furniture,Chair,3741,4,2027-10-14,Credit Card,14964
1653,Priya,Delhi,Furniture,Bed,26500,3,2027-10-15,Credit Card,79500
1654,Vishal,Mumbai,Electronics,Laptop,79994,3,2027-10-16,Debit Card,239982
1655,Rahul,Delhi,Grocery,Rice,166,5,2027-10-17,Cash,830
1656,Amit,Pune,Electronics,Headphones,1004,1,2027-10-18,Credit Card,1004
1657,Amit,Pune,Furniture,Bed,21865,4,2027-10-19,UPI,87460
1658,Sneha,Delhi,Furniture,Table,7169,3,2027-10-20,Cash,21507
1659,Amit,Delhi,Electronics,Laptop,60696,3,2027-10-21,UPI,182088
1660,Amit,Delhi,Furniture,Sofa,39692,5,2027-10-22,Debit Card,198460
1661,Vishal,Nanded,Electronics,Laptop,62332,4,2027-10-23,UPI,249328
1662,Amit,Nanded,Electronics,Mobile,19374,4,2027-10-24,Cash,77496
1663,Priya,Delhi,Electronics,Headphones,4410,5,2027-10-25,Debit Card,22050
1664,Rahul,Mumbai,Furniture,Sofa,30821,4,2027-10-26,Credit Card,123284
1665,Priya,Mumbai,Clothing,Shoes,4412,5,2027-10-27,Cash,22060
1666,Vishal,Mumbai,Electronics,Tablet,29591,5,2027-10-28,Debit Card,147955
1667,Priya,Mumbai,Electronics,Laptop,43688,2,2027-10-29,Credit Card,87376
1668,Rahul,Nanded,Electronics,Tablet,15187,4,2027-10-30,Debit Card,60748
1669,Rahul,Delhi,Grocery,Rice,164,1,2027-10-31,UPI,164
1670,Amit,Mumbai,Clothing,Shoes,2197,1,2027-11-01,Cash,2197
1671,Priya,Delhi,Furniture,Bed,12553,3,2027-11-02,Cash,37659
1672,Sneha,Nanded,Clothing,Jeans,1845,5,2027-11-03,UPI,9225
1673,Rahul,Pune,Furniture,Sofa,38881,1,2027-11-04,Credit Card,38881
1674,Amit,Mumbai,Furniture,Sofa,49601,1,2027-11-05,Debit Card,49601
1675,Rahul,Pune,Furniture,Table,9397,2,2027-11-06,Cash,18794
1676,Amit,Mumbai,Grocery,Tea,320,1,2027-11-07,Credit Card,320
1677,Rahul,Delhi,Grocery,Oil,181,1,2027-11-08,UPI,181
1678,Sneha,Delhi,Clothing,Shoes,4283,1,2027-11-09,Debit Card,4283
1679,Amit,Delhi,Grocery,Rice,70,3,2027-11-10,UPI,210
1680,Amit,Delhi,Furniture,Chair,2592,4,2027-11-11,UPI,10368
1681,Sneha,Delhi,Grocery,Coffee,244,3,2027-11-12,Cash,732
1682,Amit,Mumbai,Clothing,Jacket,2925,4,2027-11-13,Debit Card,11700
1683,Vishal,Pune,Furniture,Chair,3141,3,2027-11-14,UPI,9423
1684,Rahul,Mumbai,Clothing,T-Shirt,464,3,2027-11-15,Cash,1392
1685,Amit,Mumbai,Grocery,Coffee,503,2,2027-11-16,Credit Card,1006
1686,Vishal,Delhi,Grocery,Rice,155,4,2027-11-17,Debit Card,620
1687,Amit,Mumbai,Grocery,Oil,193,3,2027-11-18,Cash,579
1688,Priya,Nanded,Grocery,Rice,73,1,2027-11-19,Credit Card,73
1689,Vishal,Pune,Electronics,Tablet,39103,2,2027-11-20,UPI,78206
1690,Sneha,Pune,Clothing,Shoes,1247,4,2027-11-21,Credit Card,4988
1691,Rahul,Delhi,Clothing,Jeans,2763,3,2027-11-22,UPI,8289
1692,Vishal,Mumbai,Grocery,Oil,120,5,2027-11-23,Credit Card,600
1693,Vishal,Nanded,Electronics,Laptop,71651,2,2027-11-24,Debit Card,143302
1694,Vishal,Mumbai,Furniture,Bed,17845,3,2027-11-25,Debit Card,53535
1695,Sneha,Pune,Electronics,Tablet,31125,1,2027-11-26,Cash,31125
1696,Amit,Delhi,Grocery,Coffee,451,1,2027-11-27,UPI,451
1697,Priya,Pune,Furniture,Sofa,43528,3,2027-11-28,UPI,130584
1698,Vishal,Nanded,Furniture,Chair,3857,1,2027-11-29,UPI,3857
1699,Rahul,Nanded,Clothing,Shoes,4991,1,2027-11-30,Credit Card,4991
1700,Vishal,Pune,Grocery,Oil,201,2,2027-12-01,UPI,402
1701,Amit,Mumbai,Grocery,Tea,296,4,2027-12-02,UPI,1184
1702,Rahul,Delhi,Clothing,Jeans,1562,2,2027-12-03,Cash,3124
1703,Rahul,Delhi,Electronics,Laptop,64688,1,2027-12-04,Credit Card,64688
1704,Priya,Mumbai,Furniture,Sofa,32352,3,2027-12-05,UPI,97056
1705,Priya,Delhi,Electronics,Laptop,64971,5,2027-12-06,UPI,324855
1706,Vishal,Mumbai,Clothing,T-Shirt,1143,4,2027-12-07,Debit Card,4572
1707,Rahul,Pune,Clothing,T-Shirt,696,3,2027-12-08,Credit Card,2088
1708,Vishal,Mumbai,Electronics,Headphones,1337,1,2027-12-09,Credit Card,1337
1709,Vishal,Nanded,Clothing,Shoes,2006,2,2027-12-10,Cash,4012
1710,Vishal,Pune,Clothing,T-Shirt,676,4,2027-12-11,UPI,2704
1711,Vishal,Nanded,Grocery,Tea,169,4,2027-12-12,Cash,676
1712,Sneha,Pune,Furniture,Sofa,32402,1,2027-12-13,UPI,32402
1713,Sneha,Delhi,Electronics,Headphones,7498,4,2027-12-14,Cash,29992
1714,Sneha,Mumbai,Grocery,Rice,162,1,2027-12-15,UPI,162
1715,Sneha,Nanded,Grocery,Tea,267,5,2027-12-16,Debit Card,1335
1716,Priya,Nanded,Furniture,Chair,3152,5,2027-12-17,UPI,15760
1717,Priya,Pune,Grocery,Tea,376,1,2027-12-18,Credit Card,376
1718,Priya,Nanded,Electronics,Mobile,46465,2,2027-12-19,UPI,92930
1719,Vishal,Delhi,Grocery,Oil,285,5,2027-12-20,Credit Card,1425
1720,Priya,Nanded,Grocery,Rice,154,3,2027-12-21,Credit Card,462
1721,Vishal,Delhi,Furniture,Bed,32904,3,2027-12-22,Credit Card,98712
1722,Sneha,Delhi,Electronics,Headphones,5057,2,2027-12-23,UPI,10114
1723,Priya,Mumbai,Grocery,Coffee,420,1,2027-12-24,Debit Card,420
1724,Sneha,Mumbai,Clothing,T-Shirt,969,2,2027-12-25,Debit Card,1938
1725,Rahul,Mumbai,Grocery,Tea,206,4,2027-12-26,Debit Card,824
1726,Rahul,Pune,Electronics,Mobile,18576,3,2027-12-27,UPI,55728
1727,Rahul,Pune,Grocery,Oil,202,2,2027-12-28,Cash,404
1728,Sneha,Delhi,Clothing,Jeans,1793,3,2027-12-29,UPI,5379
1729,Rahul,Pune,Grocery,Oil,119,4,2027-12-30,UPI,476
1730,Rahul,Delhi,Clothing,T-Shirt,1047,5,2027-12-31,Credit Card,5235
1731,Vishal,Nanded,Furniture,Bed,31301,5,2028-01-01,Cash,156505
1732,Vishal,Nanded,Electronics,Mobile,28430,3,2028-01-02,Credit Card,85290
1733,Priya,Nanded,Grocery,Tea,210,2,2028-01-03,Cash,420
1734,Sneha,Pune,Electronics,Headphones,8838,3,2028-01-04,Credit Card,26514
1735,Amit,Nanded,Clothing,Jeans,886,4,2028-01-05,Credit Card,3544
1736,Vishal,Mumbai,Clothing,Jacket,4874,4,2028-01-06,UPI,19496
1737,Priya,Pune,Grocery,Rice,171,4,2028-01-07,UPI,684
1738,Rahul,Pune,Grocery,Oil,134,3,2028-01-08,Debit Card,402
1739,Priya,Pune,Electronics,Headphones,3236,5,2028-01-09,Cash,16180
1740,Sneha,Nanded,Grocery,Coffee,230,5,2028-01-10,Debit Card,1150
1741,Sneha,Delhi,Grocery,Rice,88,5,2028-01-11,UPI,440
1742,Rahul,Mumbai,Electronics,Headphones,3732,1,2028-01-12,Credit Card,3732
1743,Vishal,Nanded,Grocery,Coffee,216,2,2028-01-13,Credit Card,432
1744,Priya,Pune,Grocery,Oil,226,3,2028-01-14,Debit Card,678
1745,Priya,Pune,Electronics,Tablet,29992,5,2028-01-15,Credit Card,149960
1746,Sneha,Pune,Grocery,Rice,179,1,2028-01-16,UPI,179
1747,Rahul,Pune,Furniture,Table,3473,2,2028-01-17,Credit Card,6946
1748,Priya,Mumbai,Furniture,Chair,1183,1,2028-01-18,Cash,1183
1749,Sneha,Mumbai,Grocery,Rice,161,4,2028-01-19,Cash,644
1750,Sneha,Nanded,Furniture,Sofa,39145,3,2028-01-20,Credit Card,117435
1751,Priya,Mumbai,Grocery,Rice,127,4,2028-01-21,Credit Card,508
1752,Sneha,Delhi,Clothing,Jacket,3671,1,2028-01-22,Debit Card,3671
1753,Sneha,Pune,Clothing,Jacket,4697,4,2028-01-23,UPI,18788
1754,Amit,Delhi,Electronics,Tablet,26904,2,2028-01-24,UPI,53808
1755,Rahul,Nanded,Furniture,Table,3070,5,2028-01-25,UPI,15350
1756,Rahul,Pune,Furniture,Bed,33472,2,2028-01-26,Credit Card,66944
1757,Sneha,Nanded,Clothing,Jeans,1397,2,2028-01-27,Credit Card,2794
1758,Priya,Delhi,Grocery,Tea,365,4,2028-01-28,UPI,1460
1759,Amit,Delhi,Grocery,Rice,98,5,2028-01-29,Cash,490
1760,Sneha,Delhi,Electronics,Mobile,38309,2,2028-01-30,Credit Card,76618
1761,Vishal,Pune,Furniture,Table,7519,5,2028-01-31,Credit Card,37595
1762,Sneha,Delhi,Grocery,Coffee,521,3,2028-02-01,UPI,1563
1763,Priya,Delhi,Grocery,Coffee,541,5,2028-02-02,Cash,2705
1764,Priya,Delhi,Furniture,Sofa,27805,2,2028-02-03,UPI,55610
1765,Priya,Nanded,Clothing,Jacket,3856,2,2028-02-04,Cash,7712
1766,Sneha,Nanded,Furniture,Sofa,33378,5,2028-02-05,Credit Card,166890
1767,Rahul,Pune,Grocery,Coffee,595,1,2028-02-06,Credit Card,595
1768,Sneha,Mumbai,Electronics,Headphones,8670,5,2028-02-07,UPI,43350
1769,Priya,Nanded,Grocery,Rice,74,4,2028-02-08,Cash,296
1770,Sneha,Pune,Electronics,Tablet,32033,5,2028-02-09,Debit Card,160165
1771,Vishal,Delhi,Electronics,Mobile,17922,5,2028-02-10,Debit Card,89610
1772,Amit,Mumbai,Grocery,Coffee,424,3,2028-02-11,Debit Card,1272
1773,Rahul,Pune,Grocery,Tea,407,1,2028-02-12,Debit Card,407
1774,Rahul,Nanded,Furniture,Bed,21436,1,2028-02-13,Cash,21436
1775,Vishal,Nanded,Electronics,Headphones,5405,3,2028-02-14,UPI,16215
1776,Priya,Pune,Electronics,Laptop,40763,2,2028-02-15,Cash,81526
1777,Rahul,Delhi,Electronics,Laptop,31798,3,2028-02-16,UPI,95394
1778,Vishal,Delhi,Clothing,Shoes,4393,2,2028-02-17,Credit Card,8786
1779,Sneha,Mumbai,Furniture,Sofa,24148,5,2028-02-18,UPI,120740
1780,Sneha,Delhi,Furniture,Chair,2847,2,2028-02-19,Cash,5694
1781,Vishal,Delhi,Clothing,Shoes,4098,2,2028-02-20,Debit Card,8196
1782,Sneha,Mumbai,Furniture,Table,6373,1,2028-02-21,Debit Card,6373
1783,Sneha,Nanded,Electronics,Tablet,25198,1,2028-02-22,UPI,25198
1784,Priya,Delhi,Electronics,Headphones,1248,3,2028-02-23,Cash,3744
1785,Vishal,Mumbai,Furniture,Chair,3520,2,2028-02-24,Debit Card,7040
1786,Rahul,Nanded,Electronics,Tablet,25176,5,2028-02-25,Credit Card,125880
1787,Priya,Delhi,Electronics,Headphones,4464,3,2028-02-26,Cash,13392
1788,Sneha,Nanded,Clothing,Jacket,4722,3,2028-02-27,Credit Card,14166
1789,Sneha,Pune,Furniture,Chair,3876,1,2028-02-28,Cash,3876
1790,Rahul,Nanded,Furniture,Bed,39370,4,2028-02-29,UPI,157480
1791,Vishal,Mumbai,Furniture,Sofa,26651,2,2028-03-01,Debit Card,53302
1792,Amit,Nanded,Electronics,Headphones,3329,5,2028-03-02,UPI,16645
1793,Rahul,Mumbai,Grocery,Tea,219,3,2028-03-03,Debit Card,657
1794,Sneha,Mumbai,Electronics,Headphones,8278,1,2028-03-04,Debit Card,8278
1795,Sneha,Pune,Electronics,Headphones,1081,2,2028-03-05,UPI,2162
1796,Amit,Delhi,Clothing,Jacket,4017,2,2028-03-06,UPI,8034
1797,Rahul,Pune,Furniture,Chair,2928,3,2028-03-07,Credit Card,8784
1798,Sneha,Nanded,Furniture,Table,9747,4,2028-03-08,Credit Card,38988
1799,Rahul,Mumbai,Grocery,Oil,284,2,2028-03-09,Credit Card,568
1800,Priya,Mumbai,Grocery,Coffee,524,5,2028-03-10,UPI,2620
1801,Vishal,Delhi,Clothing,T-Shirt,1144,3,2028-03-11,UPI,3432
1802,Rahul,Mumbai,Grocery,Tea,494,5,2028-03-12,Cash,2470
1803,Priya,Mumbai,Electronics,Tablet,39061,3,2028-03-13,UPI,117183
1804,Priya,Nanded,Electronics,Tablet,36078,4,2028-03-14,Debit Card,144312
1805,Rahul,Nanded,Electronics,Headphones,5257,1,2028-03-15,Cash,5257
1806,Amit,Mumbai,Electronics,Headphones,5984,5,2028-03-16,Credit Card,29920
1807,Rahul,Delhi,Grocery,Tea,112,2,2028-03-17,UPI,224
1808,Rahul,Pune,Furniture,Sofa,28622,1,2028-03-18,Debit Card,28622
1809,Sneha,Mumbai,Electronics,Laptop,41330,3,2028-03-19,Debit Card,123990
1810,Rahul,Pune,Grocery,Rice,174,1,2028-03-20,Cash,174
1811,Rahul,Nanded,Furniture,Table,6779,2,2028-03-21,Cash,13558
1812,Priya,Mumbai,Clothing,Jacket,2858,3,2028-03-22,Debit Card,8574
1813,Amit,Pune,Electronics,Tablet,33444,5,2028-03-23,Cash,167220
1814,Sneha,Delhi,Grocery,Coffee,291,5,2028-03-24,UPI,1455
1815,Sneha,Nanded,Electronics,Laptop,36961,5,2028-03-25,Cash,184805
1816,Sneha,Mumbai,Clothing,Jacket,2773,4,2028-03-26,UPI,11092
1817,Rahul,Pune,Grocery,Oil,130,5,2028-03-27,UPI,650
1818,Priya,Pune,Clothing,Shoes,2629,1,2028-03-28,Cash,2629
1819,Sneha,Nanded,Grocery,Oil,295,2,2028-03-29,Debit Card,590
1820,Amit,Mumbai,Furniture,Chair,1059,5,2028-03-30,UPI,5295
1821,Rahul,Delhi,Clothing,Jeans,1677,2,2028-03-31,UPI,3354
1822,Vishal,Pune,Clothing,Jacket,4684,3,2028-04-01,UPI,14052
1823,Amit,Pune,Clothing,T-Shirt,473,3,2028-04-02,Cash,1419
1824,Amit,Delhi,Electronics,Laptop,49206,2,2028-04-03,Cash,98412
1825,Priya,Pune,Electronics,Mobile,17974,4,2028-04-04,Debit Card,71896
1826,Priya,Nanded,Grocery,Rice,143,1,2028-04-05,UPI,143
1827,Sneha,Delhi,Furniture,Chair,2458,5,2028-04-06,Credit Card,12290
1828,Amit,Pune,Grocery,Oil,206,1,2028-04-07,Debit Card,206
1829,Priya,Delhi,Clothing,Jacket,4724,1,2028-04-08,UPI,4724
1830,Sneha,Pune,Clothing,Jeans,1649,1,2028-04-09,Credit Card,1649
1831,Vishal,Mumbai,Clothing,Jacket,3429,1,2028-04-10,Credit Card,3429
1832,Amit,Delhi,Electronics,Laptop,63483,1,2028-04-11,Debit Card,63483
1833,Amit,Mumbai,Furniture,Chair,2891,4,2028-04-12,Credit Card,11564
1834,Priya,Delhi,Furniture,Table,7725,1,2028-04-13,UPI,7725
1835,Amit,Mumbai,Electronics,Mobile,43897,3,2028-04-14,Debit Card,131691
1836,Rahul,Delhi,Electronics,Headphones,1033,5,2028-04-15,Credit Card,5165
1837,Sneha,Nanded,Grocery,Oil,244,4,2028-04-16,Credit Card,976
1838,Rahul,Mumbai,Furniture,Sofa,21730,2,2028-04-17,UPI,43460
1839,Priya,Delhi,Electronics,Mobile,24605,3,2028-04-18,UPI,73815
1840,Rahul,Pune,Furniture,Bed,32455,5,2028-04-19,UPI,162275
1841,Priya,Pune,Electronics,Tablet,20556,1,2028-04-20,Cash,20556
1842,Amit,Delhi,Clothing,T-Shirt,1412,3,2028-04-21,Debit Card,4236
1843,Sneha,Pune,Furniture,Sofa,23732,5,2028-04-22,UPI,118660
1844,Amit,Delhi,Electronics,Headphones,8757,3,2028-04-23,UPI,26271
1845,Amit,Pune,Electronics,Headphones,6475,1,2028-04-24,Credit Card,6475
1846,Rahul,Mumbai,Grocery,Tea,337,4,2028-04-25,UPI,1348
1847,Amit,Delhi,Clothing,Jacket,3221,2,2028-04-26,Debit Card,6442
1848,Rahul,Mumbai,Electronics,Laptop,51686,3,2028-04-27,Credit Card,155058
1849,Vishal,Pune,Electronics,Tablet,23732,4,2028-04-28,Credit Card,94928
1850,Rahul,Pune,Furniture,Bed,32214,1,2028-04-29,Credit Card,32214
1851,Vishal,Pune,Furniture,Sofa,33745,4,2028-04-30,Credit Card,134980
1852,Vishal,Pune,Electronics,Mobile,33007,2,2028-05-01,Credit Card,66014
1853,Vishal,Nanded,Electronics,Mobile,44421,4,2028-05-02,UPI,177684
1854,Priya,Delhi,Electronics,Laptop,42027,1,2028-05-03,UPI,42027
1855,Vishal,Mumbai,Clothing,Jacket,1601,4,2028-05-04,UPI,6404
1856,Amit,Nanded,Grocery,Tea,234,5,2028-05-05,UPI,1170
1857,Vishal,Nanded,Clothing,Shoes,4675,5,2028-05-06,Debit Card,23375
1858,Amit,Nanded,Grocery,Coffee,395,2,2028-05-07,UPI,790
1859,Rahul,Pune,Grocery,Coffee,220,2,2028-05-08,Cash,440
1860,Rahul,Nanded,Grocery,Coffee,587,2,2028-05-09,Cash,1174
1861,Amit,Nanded,Grocery,Tea,212,2,2028-05-10,Debit Card,424
1862,Rahul,Mumbai,Electronics,Headphones,2296,3,2028-05-11,UPI,6888
1863,Sneha,Delhi,Clothing,Jacket,3547,5,2028-05-12,Debit Card,17735
1864,Vishal,Delhi,Grocery,Tea,287,3,2028-05-13,UPI,861
1865,Amit,Mumbai,Clothing,Jeans,2803,1,2028-05-14,Debit Card,2803
1866,Sneha,Mumbai,Clothing,Jeans,1685,3,2028-05-15,UPI,5055
1867,Priya,Pune,Electronics,Tablet,39982,3,2028-05-16,Cash,119946
1868,Priya,Pune,Furniture,Chair,1192,4,2028-05-17,Cash,4768
1869,Rahul,Nanded,Grocery,Coffee,381,2,2028-05-18,Debit Card,762
1870,Sneha,Pune,Grocery,Rice,179,2,2028-05-19,Credit Card,358
1871,Amit,Delhi,Electronics,Headphones,9630,2,2028-05-20,Credit Card,19260
1872,Amit,Delhi,Furniture,Chair,3328,4,2028-05-21,Credit Card,13312
1873,Rahul,Pune,Grocery,Oil,279,1,2028-05-22,Cash,279
1874,Amit,Nanded,Furniture,Bed,34078,1,2028-05-23,Debit Card,34078
1875,Amit,Nanded,Grocery,Tea,410,5,2028-05-24,Credit Card,2050
1876,Vishal,Pune,Grocery,Coffee,367,1,2028-05-25,Debit Card,367
1877,Priya,Delhi,Clothing,Jeans,1956,1,2028-05-26,Debit Card,1956
1878,Sneha,Delhi,Furniture,Bed,21751,5,2028-05-27,Credit Card,108755
1879,Vishal,Pune,Grocery,Rice,186,2,2028-05-28,Credit Card,372
1880,Rahul,Mumbai,Grocery,Tea,274,2,2028-05-29,Cash,548
1881,Sneha,Pune,Electronics,Mobile,19247,1,2028-05-30,Debit Card,19247
1882,Sneha,Mumbai,Furniture,Sofa,49853,2,2028-05-31,Debit Card,99706
1883,Priya,Delhi,Clothing,T-Shirt,668,1,2028-06-01,Debit Card,668
1884,Vishal,Mumbai,Grocery,Coffee,472,1,2028-06-02,UPI,472
1885,Sneha,Pune,Electronics,Mobile,17126,4,2028-06-03,Debit Card,68504
1886,Priya,Nanded,Furniture,Bed,25783,5,2028-06-04,Cash,128915
1887,Rahul,Delhi,Electronics,Tablet,18382,1,2028-06-05,Cash,18382
1888,Rahul,Delhi,Electronics,Laptop,46284,2,2028-06-06,Cash,92568
1889,Rahul,Pune,Furniture,Bed,25866,2,2028-06-07,Cash,51732
1890,Vishal,Delhi,Grocery,Tea,325,1,2028-06-08,Debit Card,325
1891,Sneha,Nanded,Furniture,Chair,3833,3,2028-06-09,UPI,11499
1892,Vishal,Pune,Clothing,T-Shirt,647,4,2028-06-10,Debit Card,2588
1893,Priya,Pune,Furniture,Sofa,38952,5,2028-06-11,UPI,194760
1894,Vishal,Pune,Clothing,Jacket,2014,1,2028-06-12,Credit Card,2014
1895,Sneha,Nanded,Clothing,Shoes,1026,2,2028-06-13,Credit Card,2052
1896,Vishal,Nanded,Furniture,Sofa,46288,4,2028-06-14,Credit Card,185152
1897,Rahul,Mumbai,Furniture,Bed,26585,3,2028-06-15,Credit Card,79755
1898,Sneha,Mumbai,Electronics,Tablet,32132,3,2028-06-16,UPI,96396
1899,Rahul,Pune,Clothing,Jacket,1909,1,2028-06-17,Credit Card,1909
1900,Vishal,Delhi,Furniture,Sofa,31363,1,2028-06-18,UPI,31363
1901,Priya,Pune,Grocery,Tea,325,5,2028-06-19,UPI,1625
1902,Priya,Mumbai,Furniture,Table,6078,5,2028-06-20,UPI,30390
1903,Amit,Delhi,Electronics,Mobile,22622,3,2028-06-21,Debit Card,67866
1904,Amit,Pune,Clothing,Jeans,1074,1,2028-06-22,Cash,1074
1905,Priya,Delhi,Furniture,Chair,1378,2,2028-06-23,Cash,2756
1906,Rahul,Pune,Grocery,Tea,374,3,2028-06-24,Credit Card,1122
1907,Sneha,Mumbai,Furniture,Bed,21652,1,2028-06-25,Cash,21652
1908,Vishal,Pune,Grocery,Tea,174,4,2028-06-26,Debit Card,696
1909,Rahul,Mumbai,Electronics,Mobile,36444,4,2028-06-27,Debit Card,145776
1910,Priya,Delhi,Grocery,Oil,170,1,2028-06-28,UPI,170
1911,Sneha,Mumbai,Grocery,Oil,246,1,2028-06-29,UPI,246
1912,Vishal,Delhi,Grocery,Rice,75,5,2028-06-30,Debit Card,375
1913,Priya,Pune,Grocery,Rice,133,5,2028-07-01,UPI,665
1914,Rahul,Pune,Grocery,Coffee,547,4,2028-07-02,UPI,2188
1915,Vishal,Nanded,Electronics,Mobile,46316,5,2028-07-03,Cash,231580
1916,Amit,Nanded,Furniture,Table,9400,2,2028-07-04,Credit Card,18800
1917,Priya,Delhi,Clothing,Jeans,806,2,2028-07-05,UPI,1612
1918,Priya,Mumbai,Grocery,Oil,195,5,2028-07-06,Credit Card,975
1919,Vishal,Mumbai,Clothing,Jacket,4390,5,2028-07-07,Credit Card,21950
1920,Priya,Nanded,Grocery,Rice,178,2,2028-07-08,Debit Card,356
1921,Rahul,Delhi,Electronics,Mobile,24870,5,2028-07-09,Credit Card,124350
1922,Rahul,Delhi,Clothing,Jeans,2006,1,2028-07-10,Debit Card,2006
1923,Vishal,Pune,Clothing,T-Shirt,664,4,2028-07-11,Cash,2656
1924,Rahul,Pune,Grocery,Rice,146,2,2028-07-12,UPI,292
1925,Amit,Pune,Furniture,Chair,4709,2,2028-07-13,UPI,9418
1926,Amit,Pune,Furniture,Table,3869,5,2028-07-14,Credit Card,19345
1927,Rahul,Delhi,Grocery,Tea,132,3,2028-07-15,Credit Card,396
1928,Vishal,Mumbai,Clothing,Shoes,3726,1,2028-07-16,Credit Card,3726
1929,Rahul,Nanded,Furniture,Sofa,30388,5,2028-07-17,Cash,151940
1930,Priya,Delhi,Furniture,Chair,1018,2,2028-07-18,UPI,2036
1931,Priya,Delhi,Electronics,Laptop,75911,2,2028-07-19,Debit Card,151822
1932,Sneha,Mumbai,Furniture,Table,4607,3,2028-07-20,Cash,13821
1933,Vishal,Pune,Furniture,Sofa,38649,4,2028-07-21,UPI,154596
1934,Amit,Nanded,Grocery,Tea,448,1,2028-07-22,Cash,448
1935,Rahul,Mumbai,Grocery,Tea,340,5,2028-07-23,Debit Card,1700
1936,Vishal,Mumbai,Grocery,Coffee,591,1,2028-07-24,Credit Card,591
1937,Priya,Delhi,Clothing,Jeans,2764,2,2028-07-25,Debit Card,5528
1938,Rahul,Pune,Electronics,Headphones,9272,5,2028-07-26,Credit Card,46360
1939,Rahul,Delhi,Electronics,Tablet,37570,1,2028-07-27,UPI,37570
1940,Amit,Mumbai,Electronics,Mobile,48940,2,2028-07-28,Debit Card,97880
1941,Vishal,Pune,Furniture,Chair,4190,5,2028-07-29,UPI,20950
1942,Amit,Mumbai,Furniture,Table,7053,3,2028-07-30,Debit Card,21159
1943,Priya,Nanded,Electronics,Mobile,26246,5,2028-07-31,UPI,131230
1944,Rahul,Delhi,Furniture,Sofa,17302,1,2028-08-01,UPI,17302
1945,Vishal,Nanded,Electronics,Tablet,38612,4,2028-08-02,Credit Card,154448
1946,Rahul,Mumbai,Electronics,Laptop,77056,1,2028-08-03,Debit Card,77056
1947,Sneha,Pune,Electronics,Mobile,40520,1,2028-08-04,Debit Card,40520
1948,Amit,Delhi,Electronics,Tablet,21331,5,2028-08-05,Credit Card,106655
1949,Sneha,Pune,Grocery,Rice,65,2,2028-08-06,Credit Card,130
1950,Priya,Nanded,Grocery,Tea,337,4,2028-08-07,Debit Card,1348
1951,Sneha,Nanded,Furniture,Sofa,49110,1,2028-08-08,Cash,49110
1952,Rahul,Nanded,Electronics,Mobile,13272,4,2028-08-09,Cash,53088
1953,Rahul,Delhi,Electronics,Mobile,23252,2,2028-08-10,Cash,46504
1954,Priya,Pune,Electronics,Mobile,18383,4,2028-08-11,Debit Card,73532
1955,Vishal,Nanded,Furniture,Sofa,47336,4,2028-08-12,Cash,189344
1956,Rahul,Delhi,Grocery,Oil,101,3,2028-08-13,Debit Card,303
1957,Vishal,Mumbai,Electronics,Tablet,15399,1,2028-08-14,Debit Card,15399
1958,Rahul,Nanded,Furniture,Sofa,32587,5,2028-08-15,Cash,162935
1959,Amit,Mumbai,Electronics,Laptop,40271,4,2028-08-16,Debit Card,161084
1960,Vishal,Pune,Electronics,Headphones,4268,4,2028-08-17,UPI,17072
1961,Rahul,Pune,Grocery,Coffee,279,1,2028-08-18,Credit Card,279
1962,Rahul,Pune,Clothing,T-Shirt,504,1,2028-08-19,Debit Card,504
1963,Vishal,Mumbai,Clothing,T-Shirt,824,5,2028-08-20,Cash,4120
1964,Priya,Delhi,Furniture,Table,6680,5,2028-08-21,Debit Card,33400
1965,Amit,Nanded,Clothing,T-Shirt,999,2,2028-08-22,Cash,1998
1966,Amit,Mumbai,Grocery,Coffee,443,1,2028-08-23,Debit Card,443
1967,Vishal,Nanded,Electronics,Tablet,38594,5,2028-08-24,Debit Card,192970
1968,Amit,Pune,Clothing,Jeans,2119,2,2028-08-25,Credit Card,4238
1969,Sneha,Nanded,Clothing,Jeans,1004,1,2028-08-26,UPI,1004
1970,Vishal,Pune,Furniture,Bed,16190,5,2028-08-27,Credit Card,80950
1971,Rahul,Mumbai,Grocery,Tea,153,2,2028-08-28,UPI,306
1972,Sneha,Mumbai,Electronics,Headphones,2781,3,2028-08-29,UPI,8343
1973,Amit,Mumbai,Grocery,Coffee,323,5,2028-08-30,UPI,1615
1974,Vishal,Nanded,Grocery,Rice,186,1,2028-08-31,Credit Card,186
1975,Rahul,Nanded,Electronics,Mobile,40499,5,2028-09-01,Credit Card,202495
1976,Sneha,Pune,Grocery,Tea,328,5,2028-09-02,Cash,1640
1977,Rahul,Nanded,Grocery,Tea,299,4,2028-09-03,Cash,1196
1978,Amit,Pune,Furniture,Sofa,42782,3,2028-09-04,UPI,128346
1979,Amit,Pune,Grocery,Coffee,552,5,2028-09-05,Credit Card,2760
1980,Sneha,Delhi,Electronics,Mobile,35110,5,2028-09-06,UPI,175550
1981,Sneha,Pune,Clothing,Shoes,4042,3,2028-09-07,UPI,12126
1982,Vishal,Nanded,Grocery,Tea,181,3,2028-09-08,Cash,543
1983,Priya,Mumbai,Furniture,Bed,14396,5,2028-09-09,Cash,71980
1984,Sneha,Mumbai,Clothing,Jacket,3587,3,2028-09-10,Credit Card,10761
1985,Vishal,Nanded,Grocery,Tea,241,2,2028-09-11,Cash,482
1986,Sneha,Pune,Electronics,Mobile,28050,3,2028-09-12,Cash,84150
1987,Priya,Nanded,Electronics,Tablet,32688,3,2028-09-13,Cash,98064
1988,Priya,Pune,Grocery,Tea,345,5,2028-09-14,UPI,1725
1989,Vishal,Nanded,Furniture,Sofa,27480,1,2028-09-15,Debit Card,27480
1990,Sneha,Mumbai,Furniture,Chair,1301,2,2028-09-16,Debit Card,2602
1991,Priya,Pune,Furniture,Table,9622,4,2028-09-17,Cash,38488
1992,Vishal,Nanded,Clothing,Shoes,2778,5,2028-09-18,Cash,13890
1993,Amit,Nanded,Electronics,Mobile,10695,2,2028-09-19,Debit Card,21390
1994,Amit,Mumbai,Furniture,Bed,26595,1,2028-09-20,UPI,26595
1995,Rahul,Pune,Grocery,Coffee,561,4,2028-09-21,UPI,2244
1996,Priya,Nanded,Electronics,Mobile,27096,2,2028-09-22,Debit Card,54192
1997,Priya,Pune,Clothing,Jacket,3278,4,2028-09-23,Cash,13112
1998,Sneha,Mumbai,Electronics,Laptop,49094,1,2028-09-24,Credit Card,49094
1999,Sneha,Mumbai,Grocery,Tea,414,1,2028-09-25,UPI,414
2000,Priya,Nanded,Clothing,Jacket,2032,4,2028-09-26,Credit Card,8128
